Time,Sales Rank,New Price,List Price
"20/08/2024, 00:12:25","7324","59.94","59.99"
"20/08/2024, 04:13:10","7435","59.94","59.99"
"20/08/2024, 08:13:42","7825","59.94","59.99"
"20/08/2024, 12:56:50","7267","59.94","59.99"
"20/08/2024, 17:43:21","7267","57.74","59.99"
"20/08/2024, 21:52:16","7267","58.81","59.99"
"21/08/2024, 05:53:54","7267","59.94","59.99"
"22/08/2024, 03:17:12","6634","59.94","59.99"
"22/08/2024, 07:18:05","6753","59.94","59.99"
"22/08/2024, 11:33:55","6875","59.94","59.99"
"22/08/2024, 15:47:18","6045","59.94","59.99"
"23/08/2024, 00:04:04","6951","59.94","59.99"
"23/08/2024, 04:04:40","5701","56.92","59.99"
"23/08/2024, 08:05:25","5460","58.34","59.99"
"23/08/2024, 12:16:17","5460","59.09","59.99"
"23/08/2024, 16:31:23","5460","59.93","59.99"
"23/08/2024, 20:53:11","5710","56.87","59.99"
"24/08/2024, 04:54:53","6535","56.79","59.99"
"24/08/2024, 08:55:44","7697","59.94","59.99"
"24/08/2024, 13:12:47","7182","59.09","59.99"
"24/08/2024, 17:31:45","6500","59.09","59.99"
"24/08/2024, 21:51:01","7533","59.07","59.99"
"25/08/2024, 01:51:38","7533","59.09","59.99"
"25/08/2024, 05:52:30","7984","59.09","59.99"
"25/08/2024, 09:53:52","7790","59.04","59.99"
"25/08/2024, 14:00:59","7036","58.99","59.99"
"25/08/2024, 18:05:00","6436","58.84","59.99"
"25/08/2024, 22:13:11","6976","58.84","59.99"
"26/08/2024, 02:14:04","7540","58.84","59.99"
"26/08/2024, 06:14:43","7588","56.75","59.99"
"26/08/2024, 10:16:13","8054","56.75","59.99"
"26/08/2024, 14:27:40","7840","57.32","59.99"
"26/08/2024, 18:46:58","7531","57.37","59.99"
"26/08/2024, 23:13:31","8284","56.8","59.99"
"27/08/2024, 07:14:45","8836","58.84","59.99"
"27/08/2024, 11:15:48","8789","58.84","59.99"
"27/08/2024, 15:37:26","8716","58.84","59.99"
"28/08/2024, 00:01:17","8233","58.84","59.99"
"28/08/2024, 04:02:08","9582","56.8","59.99"
"28/08/2024, 08:02:57","9949","56.8","59.99"
"28/08/2024, 16:23:42","8904","56.8","59.99"
"28/08/2024, 20:32:40","9232","56.8","59.99"
"29/08/2024, 00:33:12","9086","56.8","59.99"
"29/08/2024, 04:34:04","8657","56.8","59.99"
"29/08/2024, 08:35:35","7500","56.8","59.99"
"29/08/2024, 12:40:48","7349","56.8","59.99"
"30/08/2024, 00:58:12","7122","56.8","59.99"
"30/08/2024, 04:59:04","7426","56.8","59.99"
"30/08/2024, 09:01:19","7725","55.99","59.99"
"30/08/2024, 17:13:13","6984","55.99","59.99"
"30/08/2024, 21:14:07","7342","56","59.99"
"31/08/2024, 01:14:42","7771","59.94","59.99"
"31/08/2024, 05:15:26","6994","56.14","59.99"
"31/08/2024, 09:16:34","6615","56.14","59.99"
"31/08/2024, 13:17:29","6064","59.94","59.99"
"31/08/2024, 17:19:16","5462","59.94","59.99"
"31/08/2024, 21:20:13","6285","59.94","59.99"
"01/09/2024, 01:21:04","6147","59.94","59.99"
"01/09/2024, 05:21:27","6460","58.05","59.99"
"01/09/2024, 09:22:36","6465","59.94","59.99"
"01/09/2024, 13:23:44","6138","59.94","59.99"
"01/09/2024, 17:25:59","6402","59.94","59.99"
"01/09/2024, 21:27:50","6565","59.94","59.99"
"02/09/2024, 01:28:30","7944","55.99","59.99"
"02/09/2024, 05:29:13","7894","59.94","59.99"
"02/09/2024, 09:30:35","7751","59.94","59.99"
"02/09/2024, 13:31:57","6562","58.76","59.99"
"02/09/2024, 17:36:46","6043","58.66","59.99"
"02/09/2024, 21:43:03","6558","59.93","59.99"
"03/09/2024, 01:43:30","6947","59.93","59.99"
"03/09/2024, 05:44:11","7543","59.94","59.99"
"03/09/2024, 09:51:27","7912","59.93","59.99"
"03/09/2024, 14:15:50","7362","59.92","59.99"
"03/09/2024, 18:39:10","7332","59.94","59.99"
"03/09/2024, 23:32:04","7209","59.93","59.99"
"04/09/2024, 03:32:28","7114","59.94","59.99"
"04/09/2024, 07:33:12","7105","59.92","59.99"
"04/09/2024, 11:33:43","6322","59.93","59.99"
"04/09/2024, 15:59:21","5656","59.92","59.99"
"04/09/2024, 20:23:28","6071","59.94","59.99"
"05/09/2024, 00:27:45","6049","59.92","59.99"
"05/09/2024, 04:28:10","6220","59.92","59.99"
"05/09/2024, 08:28:55","6801","59.94","59.99"
"05/09/2024, 12:29:40","6375","56.29","59.99"
"05/09/2024, 21:41:25","6402","56.94","59.99"
"06/09/2024, 05:07:11","7010","57.69","59.99"
"06/09/2024, 09:07:56","7339","59.99","59.99"
"06/09/2024, 13:18:59","6447","59.99","59.99"
"06/09/2024, 17:19:44","6445","56.49","59.99"
"06/09/2024, 21:21:52","6445","59.99","59.99"
"07/09/2024, 01:49:36","6740","59.99","59.99"
"07/09/2024, 06:11:39","6358","59.99","59.99"
"07/09/2024, 10:12:26","5989","59.94","59.99"
"07/09/2024, 14:13:29","5770","59.89","59.99"
"07/09/2024, 18:14:21","5773","59.89","59.99"
"07/09/2024, 22:16:14","6331","59.98","59.99"
"08/09/2024, 02:26:27","6509","59.98","59.99"
"08/09/2024, 10:36:31","6413","59.99","59.99"
"08/09/2024, 14:37:23","6458","59.98","59.99"
"08/09/2024, 18:38:31","6180","59.99","59.99"
"08/09/2024, 22:39:37","6534","59.99","59.99"
"09/09/2024, 02:46:52","7074","59.99","59.99"
"09/09/2024, 06:54:56","6645","59.99","59.99"
"09/09/2024, 10:55:24","5671","59.94","59.99"
"09/09/2024, 14:56:15","5058","59.94","59.99"
"09/09/2024, 18:58:28","5396","54.8","59.99"
"09/09/2024, 23:10:38","5936","54.8","59.99"
"10/09/2024, 03:24:32","6481","56.56","59.99"
"10/09/2024, 07:34:57","6448","57.95","59.99"
"10/09/2024, 11:35:41","6723","59.94","59.99"
"10/09/2024, 15:36:28","6349","59.94","59.99"
"10/09/2024, 19:42:53","6347","59.94","59.99"
"10/09/2024, 23:58:10","6377","59.99","59.99"
"11/09/2024, 04:10:10","6571","59.99","59.99"
"11/09/2024, 08:12:12","6388","59.99","59.99"
"12/09/2024, 14:09:33","6410","54.99","59.99"
"12/09/2024, 18:10:22","6352","53.99","59.99"
"12/09/2024, 22:42:28","6883","54.99","59.99"
"13/09/2024, 02:43:23","7373","53.99","59.99"
"13/09/2024, 07:01:29","8675","53.99","59.99"
"13/09/2024, 11:02:46","7793","53.99","59.99"
"13/09/2024, 15:03:25","7793","58.79","59.99"
"13/09/2024, 19:04:46","7114","58.79","59.99"
"13/09/2024, 23:21:22","6636","58.79","59.99"
"14/09/2024, 03:22:06","6636","59.99","59.99"
"14/09/2024, 07:31:39","6514","59.99","59.99"
"14/09/2024, 11:32:12","5811","59.99","59.99"
"14/09/2024, 15:33:04","5676","59.99","59.99"
"14/09/2024, 19:34:30","5793","58.79","59.99"
"14/09/2024, 23:42:31","6460","59.43","59.99"
"15/09/2024, 03:43:31","7352","59.99","59.99"
"15/09/2024, 07:47:40","6518","59.99","59.99"
"15/09/2024, 11:48:24","6701","59.99","59.99"
"15/09/2024, 15:49:14","6600","59.99","59.99"
"15/09/2024, 19:51:14","6121","56.44","59.99"
"15/09/2024, 23:55:51","7146","59.99","59.99"
"16/09/2024, 03:56:40","7381","59.99","59.99"
"16/09/2024, 07:57:36","6505","59.49","59.99"
"16/09/2024, 11:58:11","6505","58.79","59.99"
"16/09/2024, 15:59:04","6004","56.44","59.99"
"16/09/2024, 20:03:32","6021","56.44","59.99"
"17/09/2024, 00:16:21","6177","56.44","59.99"
"17/09/2024, 04:18:44","6306","57.95","59.99"
"17/09/2024, 08:40:29","6799","58.79","59.99"
"17/09/2024, 12:41:11","6417","58.84","59.99"
"17/09/2024, 16:41:43","5742","58.84","59.99"
"17/09/2024, 20:55:02","5660","56.44","59.99"
"18/09/2024, 01:36:21","5944","56.44","59.99"
"18/09/2024, 05:57:56","5675","56.44","59.99"
"18/09/2024, 09:59:31","5391","58.99","59.99"
"18/09/2024, 14:00:20","5583","58.99","59.99"
"18/09/2024, 18:01:05","5702","56.44","59.99"
"18/09/2024, 22:02:10","5095","59.99","59.99"
"19/09/2024, 02:05:46","5740","59.99","59.99"
"19/09/2024, 06:08:05","5219","59.99","59.99"
"19/09/2024, 10:09:34","5384","59.99","59.99"
"19/09/2024, 14:10:23","5045","56.49","59.99"
"19/09/2024, 18:11:07","4839","56.49","59.99"
"19/09/2024, 22:12:57","5316","56.49","59.99"
"20/09/2024, 02:13:57","5774","56.49","59.99"
"20/09/2024, 06:14:49","6118","58.79","59.99"
"20/09/2024, 10:16:00","6217","58.79","59.99"
"20/09/2024, 14:16:24","5780","58.79","59.99"
"20/09/2024, 18:17:07","5582","52","59.99"
"20/09/2024, 22:18:30","5548","56.49","59.99"
"21/09/2024, 02:20:33","7027","58.79","59.99"
"21/09/2024, 06:21:30","7614","59.95","59.99"
"21/09/2024, 10:22:17","6976","59.95","59.99"
"21/09/2024, 14:23:06","6319","59.99","59.99"
"21/09/2024, 18:23:27","5807","59.95","59.99"
"21/09/2024, 22:24:23","5700","59.99","59.99"
"22/09/2024, 02:25:53","7117","59.99","59.99"
"22/09/2024, 10:27:59","6612","59.95","59.99"
"22/09/2024, 14:28:25","6229","58.79","59.99"
"22/09/2024, 18:29:11","6255","58.79","59.99"
"22/09/2024, 22:29:54","7516","58.79","59.99"
"23/09/2024, 02:31:31","8294","58.79","59.99"
"23/09/2024, 06:32:24","9128","58.79","59.99"
"23/09/2024, 10:33:22","8773","59.99","59.99"
"23/09/2024, 14:34:03","7186","57.94","59.99"
"23/09/2024, 18:34:40","6942","59.95","59.99"
"23/09/2024, 22:36:18","6695","54.95","59.99"
"24/09/2024, 02:39:22","7488","54.95","59.99"
"24/09/2024, 06:40:12","7785","54.95","59.99"
"24/09/2024, 10:41:40","8772","58.84","59.99"
"24/09/2024, 14:42:08","9277","59.99","59.99"
"24/09/2024, 18:42:43","8176","59.99","59.99"
"24/09/2024, 22:43:55","7818","59.99","59.99"
"25/09/2024, 02:44:53","7649","59.99","59.99"
"25/09/2024, 06:45:47","6889","59.99","59.99"
"25/09/2024, 10:47:02","7845","59.99","59.99"
"25/09/2024, 14:47:27","6051","59.99","59.99"
"25/09/2024, 18:48:07","6105","59.99","59.99"
"25/09/2024, 22:48:54","6507","59.99","59.99"
"26/09/2024, 02:49:44","7239","59.99","59.99"
"26/09/2024, 06:50:39","6394","58.05","59.99"
"26/09/2024, 10:57:10","5491","58.05","59.99"
"26/09/2024, 14:57:35","4943","58.05","59.99"
"26/09/2024, 18:58:11","4965","58.05","59.99"
"26/09/2024, 23:01:14","5678","58.05","59.99"
"27/09/2024, 03:04:32","5594","59.99","59.99"
"27/09/2024, 07:05:36","5731","59.99","59.99"
"27/09/2024, 11:06:41","5421","57.94","59.99"
"27/09/2024, 15:07:25","5042","59.99","59.99"
"27/09/2024, 19:08:07","4677","59.99","59.99"
"27/09/2024, 23:08:56","5222","59.99","59.99"
"28/09/2024, 03:09:44","5975","59.99","59.99"
"28/09/2024, 07:11:27","5622","59.99","59.99"
"28/09/2024, 11:12:48","5720","59.99","59.99"
"28/09/2024, 15:13:33","5609","59.99","59.99"
"28/09/2024, 19:14:18","5416","59.99","59.99"
"28/09/2024, 23:15:07","5627","58.84","59.99"
"29/09/2024, 03:15:50","6538","57.94","59.99"
"29/09/2024, 07:16:54","6599","58.11","59.99"
"29/09/2024, 11:18:37","5840","58.29","59.99"
"29/09/2024, 15:19:22","5589","57.69","59.99"
"29/09/2024, 19:20:08","5451","59.99","59.99"
"29/09/2024, 23:20:48","6112","57.15","59.99"
"30/09/2024, 03:22:33","7531","59.99","59.99"
"30/09/2024, 07:23:47","7286","59.99","59.99"
"30/09/2024, 11:25:37","6037","59.99","59.99"
"30/09/2024, 15:27:16","6028","59.99","59.99"
"30/09/2024, 19:28:05","6215","59.99","59.99"
"30/09/2024, 23:57:14","6071","59.99","59.99"
"01/10/2024, 08:48:57","5155","59.95","59.99"
"01/10/2024, 12:49:24","4939","59.99","59.99"
"01/10/2024, 16:50:08","4840","59.99","59.99"
"01/10/2024, 20:50:53","4914","59.99","59.99"
"02/10/2024, 00:59:33","5037","59.99","59.99"
"02/10/2024, 13:04:07","4472","59.99","59.99"
"02/10/2024, 17:04:42","4381","59.99","59.99"
"02/10/2024, 21:05:25","4500","59.99","59.99"
"03/10/2024, 01:07:32","4611","59.99","59.99"
"03/10/2024, 05:14:21","4473","59.99","59.99"
"03/10/2024, 09:15:13","3996","59.99","59.99"
"03/10/2024, 13:16:04","3903","59.99","59.99"
"03/10/2024, 17:16:33","3800","59.99","59.99"
"03/10/2024, 21:17:21","3665","59.99","59.99"
"04/10/2024, 01:22:23","4150","59.99","59.99"
"04/10/2024, 05:23:08","4068","59.99","59.99"
"04/10/2024, 09:23:52","4108","59.99","59.99"
"04/10/2024, 13:24:26","3632","59.99","59.99"
"04/10/2024, 17:25:06","3513","59.99","59.99"
"04/10/2024, 21:25:36","3621","59.99","59.99"
"05/10/2024, 01:26:45","3983","59.99","59.99"
"05/10/2024, 05:27:39","4433","59.99","59.99"
"05/10/2024, 09:28:35","4333","59.99","59.99"
"05/10/2024, 13:29:23","3831","59.99","59.99"
"05/10/2024, 17:30:09","3865","59.99","59.99"
"05/10/2024, 21:30:42","4106","59.99","59.99"
"06/10/2024, 01:32:30","4165","59.99","59.99"
"06/10/2024, 05:33:23","4085","59.48","59.99"
"06/10/2024, 13:34:34","4016","59.48","59.99"
"06/10/2024, 17:35:19","4098","59.48","59.99"
"06/10/2024, 21:36:05","4772","59.99","59.99"
"07/10/2024, 05:37:35","4656","59.99","59.99"
"07/10/2024, 09:38:20","5002","59.99","59.99"
"07/10/2024, 13:39:06","4595","59.99","59.99"
"07/10/2024, 17:39:35","4511","59.99","59.99"
"07/10/2024, 21:40:23","4207","59.99","59.99"
"08/10/2024, 01:41:06","3807","59.99","59.99"
"08/10/2024, 05:41:50","4062","59.98","59.99"
"08/10/2024, 09:44:20","4098","59.99","59.99"
"08/10/2024, 13:45:06","3629","59.99","59.99"
"08/10/2024, 17:45:36","3848","59.99","59.99"
"08/10/2024, 21:46:23","5087","59.99","59.99"
"09/10/2024, 01:47:07","4962","59.99","59.99"
"09/10/2024, 05:47:48","5049","59.99","59.99"
"09/10/2024, 09:48:40","5098","58.66","59.99"
"09/10/2024, 13:49:23","5056","59.99","59.99"
"09/10/2024, 17:50:10","4935","59.99","59.99"
"09/10/2024, 21:50:44","4944","59.99","59.99"
"10/10/2024, 01:52:28","5009","59.99","59.99"
"10/10/2024, 05:53:19","5241","59.99","59.99"
"10/10/2024, 09:54:04","5713","59.99","59.99"
"10/10/2024, 13:54:42","6667","59.99","59.99"
"10/10/2024, 17:55:22","6544","59.99","59.99"
"10/10/2024, 22:05:01","6370","59.99","59.99"
"11/10/2024, 02:26:14","6203","59.99","59.99"
"11/10/2024, 06:27:04","5890","59.99","59.99"
"11/10/2024, 10:27:39","4928","59.99","59.99"
"11/10/2024, 14:28:22","4612","59.99","59.99"
"11/10/2024, 18:29:07","4569","59.99","59.99"
"12/10/2024, 02:30:35","4818","59.99","59.99"
"12/10/2024, 06:31:21","4864","59.99","59.99"
"12/10/2024, 10:32:06","4610","59.46","59.99"
"12/10/2024, 14:32:26","4336","59.64","59.99"
"12/10/2024, 18:33:08","4280","59.64","59.99"
"12/10/2024, 22:33:49","4752","59.99","59.99"
"13/10/2024, 02:34:37","4929","59.99","59.99"
"13/10/2024, 06:35:22","4908","57.9","59.99"
"13/10/2024, 10:36:07","4752","59.99","59.99"
"13/10/2024, 14:36:55","4677","59.99","59.99"
"13/10/2024, 18:37:53","4730","59.99","59.99"
"13/10/2024, 22:38:30","4423","59.99","59.99"
"14/10/2024, 02:39:29","4454","59.99","59.99"
"14/10/2024, 06:40:21","4769","59.99","59.99"
"14/10/2024, 10:41:07","4773","59.99","59.99"
"14/10/2024, 14:41:33","4721","59.99","59.99"
"14/10/2024, 18:42:21","4543","58","59.99"
"14/10/2024, 22:43:05","4370","59.99","59.99"
"15/10/2024, 02:44:08","4866","58","59.99"
"15/10/2024, 06:44:37","4897","58","59.99"
"15/10/2024, 10:45:43","5078","59.99","59.99"
"15/10/2024, 14:46:24","4882","59.99","59.99"
"15/10/2024, 18:47:07","4817","59.99","59.99"
"15/10/2024, 22:47:52","4758","59.99","59.99"
"16/10/2024, 02:49:18","4694","59.99","59.99"
"16/10/2024, 06:50:05","5092","58.95","59.99"
"16/10/2024, 10:50:59","4866","58.95","59.99"
"16/10/2024, 14:51:36","4706","58.95","59.99"
"16/10/2024, 18:52:11","4732","58.95","59.99"
"16/10/2024, 22:52:54","4839","59.99","59.99"
"17/10/2024, 02:53:38","4581","59.99","59.99"
"17/10/2024, 06:54:21","4817","57.99","59.99"
"17/10/2024, 10:55:09","4817","58.95","59.99"
"17/10/2024, 14:55:39","4605","59.99","59.99"
"17/10/2024, 18:56:21","4506","59.99","59.99"
"17/10/2024, 22:57:07","4762","59.99","59.99"
"18/10/2024, 02:57:56","4564","59.99","59.99"
"18/10/2024, 06:58:35","4550","59.99","59.99"
"18/10/2024, 10:59:22","4572","58.95","59.99"
"18/10/2024, 15:00:08","4269","58.95","59.99"
"18/10/2024, 19:00:35","3877","59.95","59.99"
"18/10/2024, 23:01:23","4128","59.95","59.99"
"19/10/2024, 03:02:16","4097","59.95","59.99"
"19/10/2024, 07:03:04","4160","59.99","59.99"
"19/10/2024, 11:03:47","4131","59.95","59.99"
"19/10/2024, 15:04:28","3893","59.95","59.99"
"19/10/2024, 23:05:51","4404","59.95","59.99"
"20/10/2024, 03:06:44","4481","58.95","59.99"
"20/10/2024, 07:07:27","4258","58.95","59.99"
"20/10/2024, 11:08:17","4450","58.95","59.99"
"20/10/2024, 15:09:05","4306","58.95","59.99"
"20/10/2024, 19:09:28","4222","58.95","59.99"
"20/10/2024, 23:10:23","4547","58.95","59.99"
"21/10/2024, 03:11:12","4905","58.95","59.99"
"21/10/2024, 07:12:03","5480","58.95","59.99"
"21/10/2024, 11:12:41","4787","58.95","59.99"
"21/10/2024, 15:13:22","4793","58.95","59.99"
"21/10/2024, 23:14:47","5401","58.95","59.99"
"22/10/2024, 03:15:35","5485","58.95","59.99"
"22/10/2024, 07:16:15","5312","58.95","59.99"
"22/10/2024, 11:16:59","4971","58.95","59.99"
"22/10/2024, 15:17:28","4933","58.95","59.99"
"22/10/2024, 19:18:09","4921","58.95","59.99"
"23/10/2024, 03:19:39","4698","58.95","59.99"
"23/10/2024, 07:20:33","4460","58.95","59.99"
"23/10/2024, 11:21:20","4323","58.95","59.99"
"23/10/2024, 15:22:06","4288","58.95","59.99"
"23/10/2024, 19:22:32","4375","58.95","59.99"
"23/10/2024, 23:23:21","4609","58.95","59.99"
"24/10/2024, 03:24:05","4664","58.95","59.99"
"24/10/2024, 07:24:37","4885","58.95","59.99"
"24/10/2024, 11:25:33","4880","58.95","59.99"
"24/10/2024, 15:26:07","4238","58.95","59.99"
"24/10/2024, 19:26:37","4182","58.95","59.99"
"24/10/2024, 23:27:24","4386","58.95","59.99"
"25/10/2024, 03:28:16","4820","59.99","59.99"
"25/10/2024, 07:28:49","4365","58.95","59.99"
"25/10/2024, 11:29:39","3745","58.95","59.99"
"25/10/2024, 15:30:23","3516","58.95","59.99"
"25/10/2024, 19:31:06","3466","58.95","59.99"
"25/10/2024, 23:31:50","4002","58.95","59.99"
"26/10/2024, 03:32:34","4518","58.95","59.99"
"26/10/2024, 07:33:20","4526","58.95","59.99"
"26/10/2024, 11:34:07","4065","58.95","59.99"
"26/10/2024, 15:34:36","3961","58.95","59.99"
"26/10/2024, 19:35:21","4074","59","59.99"
"26/10/2024, 23:36:08","4281","59.99","59.99"
"27/10/2024, 03:36:52","4281","58.95","59.99"
"27/10/2024, 07:37:30","4447","58.95","59.99"
"27/10/2024, 11:38:18","4506","58.95","59.99"
"27/10/2024, 15:39:05","4689","58.95","59.99"
"27/10/2024, 19:39:48","4783","58.95","59.99"
"27/10/2024, 23:40:45","5398","58.95","59.99"
"28/10/2024, 03:41:36","5478","58.95","59.99"
"28/10/2024, 07:42:33","5327","59.99","59.99"
"28/10/2024, 11:43:21","5898","58.95","59.99"
"28/10/2024, 19:44:41","5178","58.95","59.99"
"28/10/2024, 23:45:28","5178","59.95","59.99"
"29/10/2024, 03:46:28","4287","59.99","59.99"
"29/10/2024, 07:47:08","4287","58.95","59.99"
"29/10/2024, 11:48:07","4362","58.95","59.99"
"29/10/2024, 15:48:33","4086","58.95","59.99"
"29/10/2024, 19:49:21","4129","58.95","59.99"
"29/10/2024, 23:50:06","4233","59.95","59.99"
"30/10/2024, 03:51:13","4471","59.95","59.99"
"30/10/2024, 07:52:05","4208","58.95","59.99"
"30/10/2024, 11:52:31","4290","59.95","59.99"
"30/10/2024, 15:53:18","4528","58.95","59.99"
"30/10/2024, 19:54:04","4637","59.95","59.99"
"30/10/2024, 23:54:58","4869","59.95","59.99"
"31/10/2024, 03:55:40","4962","58.95","59.99"
"31/10/2024, 07:56:33","4105","59.99","59.99"
"31/10/2024, 11:57:19","3838","58.95","59.99"
"31/10/2024, 15:58:05","3799","59.95","59.99"
"31/10/2024, 19:58:35","3877","58.95","59.99"
"31/10/2024, 23:59:20","3943","58.95","59.99"
"01/11/2024, 04:00:08","4334","58.95","59.99"
"01/11/2024, 08:00:42","4435","58.95","59.99"
"01/11/2024, 16:02:06","4134","58.95","59.99"
"01/11/2024, 20:02:37","4404","58.95","59.99"
"02/11/2024, 00:03:33","4484","59.95","59.99"
"02/11/2024, 04:04:23","4348","59.95","59.99"
"02/11/2024, 08:05:11","4348","58.95","59.99"
"02/11/2024, 12:05:43","4092","59.95","59.99"
"02/11/2024, 16:06:09","4273","58.95","59.99"
"02/11/2024, 20:06:41","4273","59.99","59.99"
"03/11/2024, 00:07:23","4672","58.95","59.99"
"03/11/2024, 04:08:13","4287","59.95","59.99"
"03/11/2024, 08:09:05","4287","58.95","59.99"
"03/11/2024, 12:09:46","4260","59.18","59.99"
"03/11/2024, 16:10:10","4190","58.71","59.99"
"03/11/2024, 20:10:49","4186","59.99","59.99"
"04/11/2024, 00:11:43","4066","59.99","59.99"
"04/11/2024, 04:12:29","4338","59.99","59.99"
"04/11/2024, 08:13:27","4193","59.95","59.99"
"04/11/2024, 12:14:20","4343","59.99","59.99"
"04/11/2024, 16:15:06","4384","59.95","59.99"
"04/11/2024, 20:15:37","4296","59.95","59.99"
"05/11/2024, 00:16:22","3960","59.95","59.99"
"05/11/2024, 04:17:07","3756","59.99","59.99"
"05/11/2024, 08:17:37","3520","59.95","59.99"
"05/11/2024, 12:18:21","3519","57.61","59.99"
"05/11/2024, 16:19:05","3418","58.95","59.99"
"05/11/2024, 20:19:38","3433","58.95","59.99"
"06/11/2024, 00:20:23","3644","58.95","59.99"
"06/11/2024, 04:21:13","4129","59.95","59.99"
"06/11/2024, 08:21:52","3937","59.95","59.99"
"06/11/2024, 12:22:30","4301","59.99","59.99"
"06/11/2024, 16:23:18","3956","59.99","59.99"
"06/11/2024, 20:24:03","3844","59.99","59.99"
"07/11/2024, 00:24:34","4053","59.95","59.99"
"07/11/2024, 04:25:22","3970","59.99","59.99"
"07/11/2024, 08:26:06","3193","59.99","59.99"
"07/11/2024, 12:26:58","2894","59.99","59.99"
"07/11/2024, 16:27:20","2677","59.99","59.99"
"07/11/2024, 20:28:05","2781","59.99","59.99"
"08/11/2024, 00:28:46","3057","59.99","59.99"
"08/11/2024, 04:33:55","2878","59.99","59.99"
"08/11/2024, 08:34:36","2903","59.99","59.99"
"08/11/2024, 12:35:24","2708","59.99","59.99"
"08/11/2024, 16:36:10","2784","59.99","59.99"
"08/11/2024, 20:36:36","2485","59.99","59.99"
"09/11/2024, 00:37:40","2791","59.99","59.99"
"09/11/2024, 04:38:31","2813","59.99","59.99"
"09/11/2024, 08:39:21","3004","59.99","59.99"
"09/11/2024, 12:40:08","3238","59.95","59.99"
"09/11/2024, 16:41:03","3212","59.99","59.99"
"09/11/2024, 20:41:34","3279","59.99","59.99"
"10/11/2024, 04:43:11","3006","59.99","59.99"
"10/11/2024, 08:44:04","2936","59.99","59.99"
"10/11/2024, 12:44:24","2955","59.95","59.99"
"10/11/2024, 16:45:08","2790","59.95","59.99"
"10/11/2024, 20:45:48","2813","59.99","59.99"
"11/11/2024, 00:46:30","3240","59.99","59.99"
"11/11/2024, 04:47:19","3404","59.99","59.99"
"11/11/2024, 08:48:05","3524","59.95","59.99"
"11/11/2024, 12:48:44","3298","59.95","59.99"
"11/11/2024, 16:49:19","3292","59.95","59.99"
"11/11/2024, 20:50:05","3361","59.99","59.99"
"12/11/2024, 00:50:35","3360","59.99","59.99"
"12/11/2024, 04:51:21","3159","59.99","59.99"
"12/11/2024, 08:52:07","2920","59.99","59.99"
"12/11/2024, 12:52:48","2905","59.99","59.99"
"12/11/2024, 16:53:35","2870","59.99","59.99"
"12/11/2024, 20:54:19","2838","59.99","59.99"
"13/11/2024, 00:55:04","2902","58.75","59.99"
"13/11/2024, 04:55:29","2964","59.99","59.99"
"13/11/2024, 08:56:13","3160","59.99","59.99"
"13/11/2024, 12:56:51","3232","59.95","59.99"
"13/11/2024, 17:36:59","3027","59.95","59.99"
"13/11/2024, 21:37:31","3066","59.95","59.99"
"14/11/2024, 05:40:09","3333","59.95","59.99"
"14/11/2024, 13:41:23","2795","59.95","59.99"
"14/11/2024, 21:42:44","2718","59.95","59.99"
"15/11/2024, 01:43:30","2775","59.95","59.99"
"15/11/2024, 05:44:28","2907","59.95","59.99"
"15/11/2024, 09:45:19","2815","59.95","59.99"
"15/11/2024, 13:46:05","2719","59.95","59.99"
"15/11/2024, 17:46:47","2765","59.95","59.99"
"15/11/2024, 21:47:22","2547","59.95","59.99"
"16/11/2024, 01:48:10","2424","59.95","59.99"
"16/11/2024, 05:48:59","2442","59.95","59.99"
"16/11/2024, 09:49:34","2402","57.72","59.99"
"16/11/2024, 13:50:17","2485","59.95","59.99"
"16/11/2024, 17:51:04","2579","59.95","59.99"
"17/11/2024, 01:52:19","2835","59.95","59.99"
"17/11/2024, 09:54:03","2613","59.98","59.99"
"17/11/2024, 13:54:22","2699","59.98","59.99"
"17/11/2024, 17:55:16","2617","59.98","59.99"
"17/11/2024, 21:56:03","2717","59.98","59.99"
"18/11/2024, 01:56:35","2857","59.95","59.99"
"18/11/2024, 05:57:34","2863","59.95","59.99"
"18/11/2024, 09:58:20","2879","59.95","59.99"
"18/11/2024, 13:59:05","2876","59.95","59.99"
"18/11/2024, 17:59:48","2887","59.95","59.99"
"18/11/2024, 22:00:34","3035","59.95","59.99"
"19/11/2024, 02:01:18","2683","59.95","59.99"
"19/11/2024, 06:02:18","2564","59.95","59.99"
"19/11/2024, 10:03:04","2444","59.95","59.99"
"19/11/2024, 14:03:27","2366","59.95","59.99"
"19/11/2024, 18:04:18","2370","59.95","59.99"
"19/11/2024, 22:05:05","2325","59.95","59.99"
"20/11/2024, 02:05:47","2567","59.95","59.99"
"20/11/2024, 06:07:07","2553","59.95","59.99"
"20/11/2024, 10:07:43","2331","59.95","59.99"
"20/11/2024, 14:08:21","2235","59.95","59.99"
"20/11/2024, 18:09:04","2153","59.95","59.99"
"20/11/2024, 22:09:32","2184","59.95","59.99"
"21/11/2024, 02:10:21","2232","59.99","59.99"
"21/11/2024, 06:11:25","2490","59.95","59.99"
"21/11/2024, 10:12:17","2470","59.95","59.99"
"21/11/2024, 14:13:04","2284","59.95","59.99"
"21/11/2024, 18:13:41","2310","59.95","59.99"
"21/11/2024, 22:15:53","2435","59.95","59.99"
"22/11/2024, 02:38:36","2393","59.95","59.99"
"22/11/2024, 06:39:30","2361","59.95","59.99"
"22/11/2024, 10:40:09","2347","59.95","59.99"
"22/11/2024, 14:40:48","2309","59.95","59.99"
"22/11/2024, 18:41:26","2383","59.95","59.99"
"22/11/2024, 22:43:22","2393","59.95","59.99"
"23/11/2024, 03:04:11","2364","59.95","59.99"
"23/11/2024, 07:04:58","2393","59.95","59.99"
"23/11/2024, 11:05:23","2297","59.95","59.99"
"23/11/2024, 15:06:07","2286","59.95","59.99"
"23/11/2024, 19:06:39","2257","59.99","59.99"
"23/11/2024, 23:07:17","2440","59.95","59.99"
"24/11/2024, 03:08:24","2522","59.95","59.99"
"24/11/2024, 07:09:28","2577","59.95","59.99"
"24/11/2024, 11:10:09","2417","59.95","59.99"
"24/11/2024, 15:10:49","2467","59.95","59.99"
"24/11/2024, 19:11:33","2499","59.95","59.99"
"24/11/2024, 23:12:19","2560","59.95","59.99"
"25/11/2024, 03:13:15","2557","59.95","59.99"
"25/11/2024, 07:14:08","2651","59.95","59.99"
"25/11/2024, 11:14:39","2589","59.95","59.99"
"25/11/2024, 15:15:33","2604","59.95","59.99"
"25/11/2024, 19:16:18","2666","59.95","59.99"
"25/11/2024, 23:17:04","2663","59.95","59.99"
"26/11/2024, 03:25:05","2520","59.95","59.99"
"26/11/2024, 07:25:46","2345","59.95","59.99"
"26/11/2024, 11:26:22","2118","59.95","59.99"
"26/11/2024, 15:27:06","2066","59.95","59.99"
"26/11/2024, 19:27:41","2108","59.95","59.99"
"26/11/2024, 23:28:23","2149","59.95","59.99"
"27/11/2024, 03:29:39","2066","59.95","59.99"
"27/11/2024, 07:30:39","1985","59.95","59.99"
"27/11/2024, 10:31:21","1978","59.95","59.99"
"27/11/2024, 13:32:04","1921","59.95","59.99"
"27/11/2024, 16:32:24","1833","59.95","59.99"
"27/11/2024, 19:33:19","1865","59.95","59.99"
"27/11/2024, 22:34:05","1915","59.95","59.99"
"28/11/2024, 01:34:34","1831","59.95","59.99"
"28/11/2024, 04:36:13","1739","59.95","59.99"
"28/11/2024, 07:37:00","1727","59.95","59.99"
"28/11/2024, 10:37:26","1865","59.95","59.99"
"28/11/2024, 13:38:10","1727","59.95","59.99"
"29/11/2024, 01:40:32","","59.95","59.99"
"04/12/2024, 01:44:05","","59.99","59.99"
"05/12/2024, 01:44:25","","59.95","59.99"
"01/01/2025, 02:02:34","","58.95","59.99"
"03/01/2025, 02:04:37","","59.99","59.99"
"09/01/2025, 02:09:22","","58.11","59.99"
"10/01/2025, 02:10:19","","59.99","59.99"
"11/01/2025, 02:11:04","","58.93","59.99"
"13/01/2025, 02:12:32","","59.46","59.99"
"14/01/2025, 02:13:20","","58.68","59.99"
"15/01/2025, 02:14:07","","59.34","59.99"
"16/01/2025, 02:14:52","","58.48","59.99"
"17/01/2025, 02:15:33","","58.82","59.99"
"18/01/2025, 02:16:20","","58.31","59.99"
"19/01/2025, 02:17:07","","58.35","59.99"
"20/01/2025, 02:17:43","","58.16","59.99"
"21/01/2025, 02:18:23","","58.68","59.99"
"22/01/2025, 02:19:19","","58.63","59.99"
"23/01/2025, 02:20:08","","58.49","59.99"
"24/01/2025, 02:20:41","","57.65","59.99"
"25/01/2025, 02:21:34","","58.4","59.99"
"26/01/2025, 02:22:16","","57.85","59.99"
"27/01/2025, 02:23:04","","57.92","59.99"
"28/01/2025, 02:23:23","","57.85","59.99"
"29/01/2025, 02:24:09","","56.99","59.99"
"30/01/2025, 02:24:49","","47.99","59.99"
"04/03/2025, 15:23:43","","46.99","59.99"
"05/03/2025, 15:24:43","","47.99","59.99"
"22/03/2025, 01:52:17","","47.95","59.99"
"23/03/2025, 01:53:15","","39.01","59.99"
"26/03/2025, 02:00:18","","46.99","59.99"
"27/03/2025, 02:01:05","","44","59.99"
"30/03/2025, 02:03:35","","47.99","59.99"
"31/03/2025, 02:04:29","","47.95","59.99"
"01/04/2025, 02:12:18","","47.99","59.99"
"02/04/2025, 02:13:13","","39.01","59.99"
"04/04/2025, 02:15:06","","47.99","59.99"
"23/04/2025, 02:29:21","","48.49","59.99"
"24/04/2025, 02:30:09","","48","59.99"
"29/04/2025, 02:33:05","","47.95","59.99"
"30/04/2025, 02:33:25","","47.99","59.99"
"01/05/2025, 02:34:08","","47.75","59.99"
"03/05/2025, 02:35:11","","53.72","59.99"
"04/05/2025, 02:35:49","","47.75","59.99"
"05/05/2025, 02:36:29","","53.72","59.99"
"06/05/2025, 02:37:29","","47.75","59.99"
"07/05/2025, 02:38:26","","50.74","59.99"
"08/05/2025, 02:39:24","","47.75","59.99"
"09/05/2025, 02:40:13","","50.74","59.99"
"14/05/2025, 02:43:44","","49","59.99"
"15/05/2025, 02:44:31","","48.76","59.99"
"17/05/2025, 02:46:06","","48.99","59.99"
"23/05/2025, 02:50:59","","48.5","59.99"
"25/05/2025, 02:52:36","","48.26","59.99"
"27/05/2025, 02:54:20","","48.25","59.99"
"29/05/2025, 02:56:05","","47.5","59.99"
"30/05/2025, 02:56:31","","48.49","59.99"
"10/06/2025, 03:04:43","","48.47","59.99"
"11/06/2025, 03:05:34","","48.49","59.99"
"12/06/2025, 03:06:25","","48.25","59.99"
"13/06/2025, 03:07:19","","48.49","59.99"
"18/06/2025, 03:10:39","","47","59.99"
"19/06/2025, 03:11:25","","50.99","59.99"
"22/06/2025, 03:13:36","","49.65","59.99"
"25/06/2025, 13:06:27","","50.15","59.99"
"27/06/2025, 13:54:11","","51.39","59.99"
"28/06/2025, 13:54:47","","50.15","59.99"
"30/06/2025, 13:56:37","","50","59.99"
"01/07/2025, 13:57:30","","49.99","59.99"
"03/07/2025, 13:59:18","","50","59.99"
"04/07/2025, 14:00:00","","49.99","59.99"
"07/07/2025, 14:02:24","","49.95","59.99"
"09/07/2025, 14:04:19","","47.99","59.99"
"11/07/2025, 14:17:00","","47.95","59.99"
"08/08/2025, 17:11:18","","47.99","59.99"
"12/08/2025, 17:25:42","","47.95","59.99"
"13/08/2025, 17:30:55","","47.56","59.99"
"14/08/2025, 17:40:48","","47.5","59.99"
"15/08/2025, 17:41:53","","47.95","59.99"
"18/08/2025, 10:00:30","","47.95","59.99"